{"stat.useItem.17":18,"stat.fallOneCm":2413,"stat.playerKills":3,"achievement.openInventory":38,"stat.useItem.145":3,"stat.jump":61,"achievement.exploreAllBiomes":{"value":0,"progress":["Plains"]},"stat.mobKills":122,"stat.useItem.3":39,"stat.damageTaken":6730,"stat.deaths":6,"stat.useItem.383":14,"stat.killEntity.Villager":12,"stat.damageDealt":12653,"stat.killEntity.Wolf":99,"stat.drop":1,"stat.flyOneCm":174552,"stat.leaveGame":1,"stat.killEntity.Sheep":4,"stat.killEntity.Pig":1,"stat.walkOneCm":87956,"stat.swimOneCm":196,"stat.diveOneCm":3269,"stat.useItem.276":93,"stat.killEntity.EntityHorse":1,"stat.horseOneCm":83179,"stat.playOneMinute":20464}