{"stat.fallOneCm":5680,"stat.useItem.323":14,"stat.playerKills":3,"achievement.openInventory":51,"stat.jump":556,"achievement.exploreAllBiomes":{"value":0,"progress":["Plains"]},"stat.mobKills":18,"stat.damageTaken":-2147479149,"stat.useItem.5":13,"stat.deaths":3,"stat.climbOneCm":3812,"stat.useItem.383":27,"stat.useItem.109":2,"stat.useItem.171":8,"stat.damageDealt":8340,"stat.killEntity.Wolf":12,"stat.drop":15,"stat.flyOneCm":289269,"stat.swimOneCm":88,"stat.useItem.276":102,"stat.walkOneCm":244405,"stat.killEntity.EntityHorse":3,"stat.useItem.44":4,"stat.horseOneCm":161362,"stat.useItem.397":17,"stat.useItem.65":22,"stat.playOneMinute":57883}