{"stat.useItem.17":19,"stat.useItem.143":16,"stat.fallOneCm":16210,"stat.useItem.19":1,"stat.playerKills":5,"achievement.openInventory":270,"stat.useItem.145":1,"stat.jump":1165,"achievement.exploreAllBiomes":{"value":0,"progress":["Plains"]},"stat.useItem.1":186,"stat.useItem.287":193,"stat.damageTaken":7058,"stat.useItem.3":87,"stat.useItem.4":79,"stat.useItem.5":164,"stat.useItem.106":21,"stat.climbOneCm":9230,"stat.useItem.383":102,"stat.useItem.109":117,"stat.useItem.389":4,"stat.damageDealt":8333,"stat.useItem.101":16,"stat.killEntity.Wolf":1,"stat.drop":104,"stat.killEntity.Bat":9,"stat.leaveGame":11,"stat.useItem.330":3,"stat.useItem.331":2,"stat.useItem.48":109,"stat.useItem.49":63,"stat.swimOneCm":854,"stat.useItem.276":84,"stat.walkOneCm":973153,"stat.killEntity.EntityHorse":1,"stat.useItem.44":88,"stat.useItem.35":4,"stat.useItem.321":3,"stat.useItem.323":20,"stat.useItem.85":9,"stat.useItem.89":90,"stat.mobKills":44,"stat.killEntity.Chicken":19,"stat.deaths":7,"stat.killEntity.Ozelot":14,"stat.useItem.271":4,"stat.useItem.77":16,"stat.useItem.123":18,"stat.useItem.126":3,"stat.useItem.171":16,"stat.useItem.120":2,"stat.useItem.70":2,"stat.useItem.33":149,"stat.useItem.159":76,"stat.useItem.25":4,"stat.useItem.24":172,"stat.useItem.158":2,"stat.flyOneCm":1716225,"stat.useItem.152":14,"stat.useItem.29":92,"stat.useItem.97":27,"stat.useItem.98":195,"stat.useItem.65":89,"stat.playOneMinute":307948}