{"stat.fallOneCm":1626,"stat.useItem.323":2,"achievement.openInventory":70,"stat.useItem.145":1,"stat.jump":155,"achievement.exploreAllBiomes":{"value":0,"progress":["Plains"]},"stat.mobKills":30,"stat.useItem.1":10,"stat.useItem.3":7,"stat.damageTaken":240,"stat.useItem.5":23,"stat.killEntity.Chicken":17,"stat.useItem.53":1,"stat.climbOneCm":717,"stat.killEntity.Ozelot":13,"stat.useItem.383":14,"stat.useItem.109":6,"stat.useItem.50":2,"stat.damageDealt":3460,"stat.useItem.95":1,"stat.drop":1,"stat.flyOneCm":213229,"stat.useItem.137":1,"stat.leaveGame":2,"stat.useItem.98":7,"stat.swimOneCm":137,"stat.walkOneCm":179521,"stat.useItem.276":43,"stat.useItem.44":39,"stat.playOneMinute":74791,"stat.useItem.20":1}