{"stat.useItem.18":8,"stat.useItem.17":579,"stat.fallOneCm":844,"achievement.openInventory":688,"stat.useItem.145":2,"stat.jump":1835,"stat.craftItem.298":1,"achievement.exploreAllBiomes":{"value":0,"progress":["Plains"]},"stat.craftItem.299":5,"stat.useItem.1":8801,"stat.useItem.287":117,"stat.useItem.58":3,"stat.damageTaken":-20,"stat.useItem.3":90,"stat.useItem.4":103,"stat.useItem.5":1250,"stat.useItem.54":14,"stat.climbOneCm":10525,"stat.useItem.383":2,"stat.useItem.50":300,"stat.useItem.109":926,"stat.killEntity.Villager":2,"stat.damageDealt":15291,"stat.killEntity.Wolf":57,"stat.useItem.101":503,"stat.useItem.151":9,"stat.useItem.131":34,"stat.drop":59,"stat.useItem.134":4,"stat.killEntity.Bat":22,"stat.leaveGame":2,"stat.useItem.137":43,"stat.useItem.278":4,"stat.useItem.330":6,"stat.useItem.139":29,"stat.useItem.138":30,"stat.useItem.331":217,"stat.useItem.48":22,"stat.useItem.380":2,"stat.useItem.276":69,"stat.walkOneCm":924396,"stat.diveOneCm":1182,"stat.swimOneCm":474,"stat.useItem.47":52,"stat.killEntity.EntityHorse":2,"stat.useItem.44":1435,"stat.useItem.283":3,"stat.useItem.42":25,"achievement.mineWood":3,"stat.useItem.35":1869,"stat.useItem.321":74,"stat.useItem.324":1,"stat.useItem.85":136,"stat.useItem.323":7,"stat.useItem.89":228,"stat.mobKills":84,"stat.deaths":20,"stat.killEntity.Ozelot":1,"stat.useItem.76":4,"stat.useItem.128":113,"stat.useItem.123":126,"stat.useItem.171":111,"stat.useItem.33":214,"stat.useItem.70":37,"stat.useItem.95":34,"stat.useItem.96":104,"stat.useItem.159":291,"stat.useItem.24":870,"stat.flyOneCm":5929336,"stat.useItem.152":138,"stat.useItem.29":141,"stat.useItem.98":4546,"stat.useItem.356":181,"stat.useItem.69":1,"stat.useItem.61":1,"stat.useItem.67":84,"stat.useItem.397":24,"stat.useItem.116":1,"stat.useItem.65":297,"stat.craftItem.301":1,"stat.craftItem.300":1,"stat.playOneMinute":945296,"stat.useItem.23":16,"stat.useItem.20":1}